Date,Open,High,Low,Close,High_Last_7_Days,Low_Last_7_Days,Days_Since_High_Last_7_Days,Days_Since_Low_Last_7_Days,%_Diff_From_High_Last_7_Days,%_Diff_From_Low_Last_7_Days,High_Next_5_Days,Low_Next_5_Days,%_Diff_From_High_Next_5_Days,%_Diff_From_Low_Next_5_Days
2022-01-01,46197.31,47950.29,46196.03,47737.35,47950.29,46196.03,0,0,-0.44408490543019097,3.336477182130152,43779.23,42468.76,9.041090946551584,12.405801346684001
2022-01-02,47737.35,47979.26,46666.18,47306.41,47979.26,46196.03,0,1,-1.4023767769657107,2.4036264588104315,43779.23,40750.42,8.05674288926507,16.088153201856585
2022-01-03,47306.41,47572.23,45707.55,46450.79,47979.26,45707.55,1,0,-3.18568898311479,1.6260770922965635,43779.23,40534.37,6.1023457927423514,14.596057617276395
2022-01-04,46450.79,47529.48,45587.91,45824.54,47979.26,45587.91,2,0,-4.490940460523987,0.5190630586047865,43779.23,40534.37,4.671872940661582,13.051072460235593
2022-01-05,45824.54,47067.18,42510.86,43432.51,47979.26,42510.86,3,0,-9.476490466922582,2.1680342387804,43779.23,39667.6,-0.7919737281811514,9.491146426806774
2022-01-06,43432.51,43779.23,42468.76,43094.54,47979.26,42468.76,4,0,-10.180898996774857,1.473506643471575,43138.79,39667.6,-0.10257589515144028,8.63914126390304
2022-01-07,43094.54,43138.79,40750.42,41543.79,47979.26,40750.42,5,0,-13.413024711093922,1.9469001791883438,44293.83,39667.6,-6.208629960425641,4.729779467373883
2022-01-08,41543.79,42306.77,40534.37,41686.67,47979.26,40534.37,6,0,-13.115229372024503,2.842772688955066,44442.67,39667.6,-6.201247584809823,5.089972672911897
2022-01-09,41686.67,42800.66,41237.13,41869.6,47572.23,40534.37,7,1,-11.987308562159066,3.2940687125518315,44442.67,39667.6,-5.789638651323154,5.551129889380754
2022-01-10,41869.6,42251.07,39667.6,41832.59,47529.48,39667.6,8,0,-11.986013732950594,5.457829563674127,44442.67,41279.45,-5.872914476110463,1.3399887837652864
2022-01-11,41832.59,43122.32,41279.45,42743.03,47067.18,39667.6,9,1,-9.187187335208954,7.753002450362513,44442.67,41785.44,-3.8243426868817725,2.2916834189133737
2022-01-12,42743.03,44293.83,42471.08,43919.67,44293.83,39667.6,0,2,-0.8447226171229796,10.719251983986931,44442.67,41571.67,-1.176796983619571,5.6480771640879475
2022-01-13,43919.67,44442.67,42334.75,42575.61,44442.67,39667.6,0,3,-4.201052727030122,7.33094515423167,43811.94,41301.01,-2.821901974667184,3.086123075440524
2022-01-14,42575.61,43467.05,41785.44,43089.83,44442.67,39667.6,1,4,-3.0440115321604138,8.627267593703685,43811.94,41144.83,-1.6482036632023154,4.7272038795639695
2022-01-15,43089.83,43811.94,42589.82,43088.74,44442.67,39667.6,2,5,-3.0464641300803943,8.624519759198943,43513.14,40564.32,-0.9753375646988506,6.223252355764865
2022-01-16,43088.74,43484.21,42617.07,43100.36,44442.67,39667.6,3,6,-3.020318086199586,8.653813187588868,43513.14,35494.42,-0.948632987644649,21.428551304683953
2022-01-17,43100.36,43198.05,41571.67,42224.38,44442.67,41279.45,4,7,-4.991351779719808,2.289105111623339,43513.14,34130.35,-2.96177200726034,23.71505126668786
2022-01-18,42224.38,42682.77,41301.01,42372.75,44442.67,41301.01,5,0,-4.657505950925088,2.594948646534305,43513.14,34130.35,-2.620794546199147,24.149766996236494
2022-01-19,42372.75,42575.28,41144.83,41674.8,44442.67,41144.83,6,0,-6.227956151149324,1.2880597635231477,43513.14,32990.72,-4.224792786730621,26.322796228757667
2022-01-20,41674.8,43513.14,40564.32,40697.03,43811.94,40564.32,7,0,-7.109728535189273,0.3271594346953163,41116.66,32990.72,-1.020583870382479,23.35902338597035
2022-01-21,40697.03,41116.66,35494.42,36469.3,43811.94,35494.42,8,0,-16.759449592964838,2.7465725598559003,38930.36,32990.72,-6.321698540676217,10.54411664856057
2022-01-22,36469.3,36811.86,34130.35,35075.92,43513.14,34130.35,9,0,-19.39005091335629,2.770466754662638,38930.36,32990.72,-9.900858866961421,6.320565298362682
2022-01-23,35075.92,36539.19,34648.38,36288.15,43513.14,34130.35,10,1,-16.604156813321215,6.322232265417737,38930.36,32990.72,-6.7870166112001,9.995022842787305
2022-01-24,36288.15,37469.19,32990.72,36702.79,43513.14,32990.72,11,0,-15.651249254822794,11.251861129432761,38930.36,35543.94,-5.7219352710840585,3.260330734296756
2022-01-25,36702.79,37555.35,35732.05,36975.99,43513.14,32990.72,12,1,-15.023392933720714,12.079972792348869,38930.36,35543.94,-5.020169348549571,4.028956834835968
2022-01-26,36975.99,38930.36,36275.92,36829.37,43513.14,32990.72,13,2,-15.36034862112915,11.635544783502759,38769.81,35543.94,-5.005028397095563,3.6164533250956428
2022-01-27,36829.37,37242.79,35543.94,37189.85,41116.66,32990.72,14,3,-9.55041095264062,12.728215692170398,39281.06,36176.78,-5.323710714527559,2.8003321467526954
2022-01-28,37189.85,38021.06,36176.78,37744.7,38930.36,32990.72,15,4,-3.045592180498725,14.41005228136881,39281.06,36650.8,-3.911197915738528,2.984655178058853
2022-01-29,37744.7,38728.29,37343.45,38184.86,38930.36,32990.72,16,5,-1.9149578889072691,15.744245654535577,39281.06,36270.47,-2.7906578895783287,5.278095376211004
2022-01-30,38184.86,38364.51,37377.53,37908.44,38930.36,32990.72,17,6,-2.6249949910558192,14.906373671141463,41737.83,36270.47,-9.174866062754099,4.515987799441257
2022-01-31,37908.44,38769.81,36660.7,38494.66,38930.36,35543.94,18,7,-1.1191779372191706,8.301612032880994,41954.24,36270.47,-8.2460795380872,6.132233742766505
2022-02-01,38494.66,39281.06,38033.98,38721.49,39281.06,35543.94,0,8,-1.4245287678082001,8.939779889342587,42671.81,36270.47,-9.25744654374867,6.757618525483669
2022-02-02,38721.49,38883.19,36650.8,36918.19,39281.06,35543.94,1,9,-6.015290829728107,3.866341210344154,44518.11,36270.47,-17.071524375136317,1.7858053672863934
2022-02-03,36918.19,37411.52,36270.47,37328.64,39281.06,36176.78,2,10,-4.970385218728818,3.1839760199774565,45483.65,37060.18,-17.929541714440248,0.7243893580657167
2022-02-04,37328.64,41737.83,37060.18,41590.34,41737.83,36270.47,0,11,-0.3533724680943049,14.667221020295559,45483.65,40963.47,-8.559801159317699,1.5303146925785227
2022-02-05,41590.34,41954.24,40963.47,41418.21,41954.24,36270.47,0,12,-1.2776539391489368,14.192647627670658,45837.02,41152.05,-9.640264572173317,0.6467721535136067
2022-02-06,41418.21,42671.81,41152.05,42412.41,42671.81,36270.47,0,13,-0.6078954701007391,16.933720461852307,45837.02,41689.77,-7.471275401411334,1.733374878297498
2022-02-07,42412.41,44518.11,41689.77,43861.07,44518.11,36270.47,0,14,-1.4758937430182928,20.927768512511687,45837.02,41775.79,-4.310816889928702,4.991599201355615
2022-02-08,43861.07,45483.65,42704.39,44080.12,45483.65,36270.47,0,15,-3.0857901685550715,21.53170333883184,45837.02,41775.79,-3.832928056841379,5.515945958173386
2022-02-09,44080.12,44849.9,43167.21,44422.91,45483.65,36270.47,1,16,-2.3321347341297325,22.47679724028942,45837.02,41581.41,-3.0850827562524645,6.833582603379732
2022-02-10,44422.91,45837.02,43254.41,43531.67,45837.02,37060.18,0,17,-5.029449994785871,17.462111624930042,44771.91,41581.41,-2.770129753231446,4.69022094248366
2022-02-11,43531.67,43950.88,42010.61,42398.98,45837.02,40963.47,1,18,-7.5005748628510185,3.504366207257349,44771.91,41581.41,-5.300041923607905,1.9661911416664315
2022-02-12,42398.98,43041.72,41775.79,42239.01,45837.02,41152.05,2,19,-7.849572245316111,2.641326495277876,44771.91,40104.04,-5.657341846707012,5.323578372652733
2022-02-13,42239.01,42773.35,41900.31,42069.84,45837.02,41689.77,3,20,-8.218640740606611,0.9116625013762363,44771.91,39496.7,-6.035190368246534,6.514822757344284
2022-02-14,42069.84,42857.15,41581.41,42552.28,45837.02,41581.41,4,0,-7.1661290371843505,2.334865508408674,44771.91,39496.7,-4.957639734378105,7.736291892740412
2022-02-15,42552.28,44771.91,42452.02,44576.33,45837.02,41581.41,5,1,-2.7503751334619815,7.202545560624323,44583.03,38019.97,-0.015028139630700491,17.24451650014453
2022-02-16,44576.33,44583.03,43361.09,43896.34,45837.02,41581.41,6,2,-4.233870351955691,5.567223429893294,44187.88,36862.52,-0.6597736754965409,19.08122396406974
2022-02-17,43896.34,44187.88,40104.04,40545.09,44771.91,40104.04,7,0,-9.440785528247526,1.099764512502969,40980.65,36371.68,-1.0628430734993344,11.47433937612999
2022-02-18,40545.09,40980.65,39496.7,39994.66,44771.91,39496.7,8,0,-10.670194771677151,1.260763557461779,40464.62,36371.68,-1.1614096462539352,9.960991628651751
2022-02-19,39994.66,40464.62,39664.71,40107.12,44771.91,39496.7,9,1,-10.419010491176277,1.545496206012162,40142.98,34349.58,-0.08933068745768397,16.76160232526861
2022-02-20,40107.12,40142.98,38019.97,38397.25,44771.91,38019.97,10,0,-14.238079188491184,0.9923206146664473,39710.26,34349.58,-3.3064754549579933,11.783753978942386
2022-02-21,38397.25,39495.33,36862.52,37037.39,44771.91,36862.52,11,0,-17.27538539231407,0.4743842797508218,40228.13,34349.58,-7.931614022327158,7.824870056635329
2022-02-22,37037.39,38458.26,36371.68,38267.75,44583.03,36371.68,12,0,-14.16521039507633,5.213039375690096,40228.13,34349.58,-4.873157166390776,11.406747913657163
2022-02-23,38267.75,39260.51,37083.83,37270.85,44187.88,36371.68,13,1,-15.653681507236824,2.472170655850921,43953.92,34349.58,-15.20471894201928,8.504529021897783
2022-02-24,37270.85,39182.44,34349.58,38353.62,40980.65,34349.58,14,0,-6.4104156473847995,11.656736414244369,44883.1,37039.71,-14.547747370391074,3.5473009912874685
2022-02-25,38353.62,39710.26,38043.51,39239.77,40464.62,34349.58,15,1,-3.026965284735173,14.236535060981808,45069.78,37039.71,-12.935519099494167,5.939733329445607
2022-02-26,39239.77,40228.13,38605.65,39134.83,40228.13,34349.58,0,2,-2.7177499923560844,13.931029142132159,45069.78,37039.71,-13.168358043904357,5.656415776473419
2022-02-27,39134.83,39861.91,37039.71,37714.96,40228.13,34349.58,1,3,-6.247295114140275,9.797441482545048,45069.78,37473.3,-16.318739519030267,0.644885825374323
2022-02-28,37714.96,43953.92,37473.3,43189.46,43953.92,34349.58,0,4,-1.7392305396196726,25.735045377556283,45069.78,38621.24,-4.1720194773526735,11.828258233034468
2022-03-01,43189.46,44883.1,42893.5,44428.47,44883.1,34349.58,0,5,-1.012920230554479,29.342105492992925,45069.78,38133.84,-1.422926848100873,16.50667753365516
2022-03-02,44428.47,45069.78,43387.92,43935.37,45069.78,34349.58,0,6,-2.517008070596298,27.906571201161707,44079.17,37191.99,-0.32623118810992957,18.131269663172112
2022-03-03,43935.37,44079.17,41852.46,42474.37,45069.78,37039.71,1,7,-5.75864803422603,14.672523084009036,42520.95,37191.99,-0.10954600026573835,14.203004464133285
2022-03-04,42474.37,42520.95,38621.24,39154.4,45069.78,37039.71,2,8,-13.124936487375793,5.709250963357981,42557.95,37191.99,-7.997448185356664,5.2764318338438025
2022-03-05,39154.4,39596.42,38652.98,39407.02,45069.78,37039.71,3,9,-12.56442787162485,6.391275741629721,42557.95,37191.99,-7.403857563627948,5.955664109395595
2022-03-06,39407.02,39686.74,38133.84,38428.92,45069.78,37473.3,4,10,-14.734618185400508,2.550135696615978,42557.95,37191.99,-9.702135558691147,3.325796764303282
2022-03-07,38428.92,39536.14,37191.99,38030.63,45069.78,37191.99,5,0,-15.618336721412888,2.2548941317740714,42557.95,37905.43,-10.638012404262893,0.33029568586874514
2022-03-08,38030.63,39361.33,37905.43,38748.52,45069.78,37191.99,6,1,-14.02549557597131,4.18512158128672,42557.95,37633.11,-8.951159536584823,2.963905985978826
2022-03-09,38748.52,42557.95,38685.96,41962.85,44079.17,37191.99,7,2,-4.801179332550952,12.827654556801077,42043.56,37566.52,-0.19196756887380406,11.702787482045188
2022-03-10,41962.85,42043.56,38853.45,39443.42,42557.95,37191.99,8,3,-7.3183271280689,6.053534645497594,40221.93,37566.52,-1.935536161492007,4.9962040668126875
2022-03-11,39443.42,40221.93,38261.24,38741.03,42557.95,37191.99,9,4,-8.96875906851716,4.164982836358046,41638.54,37566.52,-6.958721415304192,3.1264807067569795
2022-03-12,38741.03,39414.02,38696.52,38805.53,42557.95,37191.99,10,5,-8.817201016496327,4.3384072753299865,41638.54,37566.52,-6.803816848525433,3.2981761419476765
2022-03-13,38805.53,39254.88,37633.11,37796.31,42557.95,37191.99,11,6,-11.188602834488034,1.6248659993724448,42250.94,37566.52,-10.543268386454844,0.6116882798832601
2022-03-14,37796.31,39802.89,37566.52,39696.28,42557.95,37566.52,12,0,-6.724172569402423,5.669303411654852,42367.55,38259.88,-6.304990493903952,3.7543243732076563
2022-03-15,39696.28,39863.78,38259.88,39314.86,42557.95,37566.52,13,1,-7.620409347724682,4.653984452113222,42367.55,38933.24,-7.205254965179724,0.9801907059366306
2022-03-16,39314.86,41638.54,38933.24,41133.64,42043.56,37566.52,14,2,-2.1642315731588817,9.49547629112306,42367.55,40230.1,-2.912394037417796,2.245930286029617
2022-03-17,41133.64,41441.08,40581.36,40956.79,41638.54,37566.52,15,3,-1.63730524653362,9.02471136533276,43287.39,40230.1,-5.384015991724145,1.8063340633008678
2022-03-18,40956.79,42250.94,40230.1,41790.97,42250.94,37566.52,0,4,-1.0886621694097247,11.245252421571134,43287.39,40555.57,-3.4569420794369865,3.04619069587729
2022-03-19,41790.97,42367.55,41549.61,42235.02,42367.55,37566.52,0,5,-0.31281015777406557,12.427288979655291,44230.66,40555.57,-4.511892881544174,4.1411081141258705
2022-03-20,42235.02,42297.3,40979.25,41243.16,42367.55,37566.52,1,6,-2.653894312982458,9.787012478132143,45112.71,40555.57,-8.577516181138298,1.6954267934096445
2022-03-21,41243.16,41510.03,40555.57,41043.9,42367.55,38259.88,2,7,-3.1242070877357824,7.276604108533545,45112.71,40923.9,-9.019209885639762,0.2932271850923299
2022-03-22,41043.9,43287.39,40923.9,42380.11,43287.39,38933.24,0,8,-2.095945262581086,8.853283209925511,46896.6,41806.4,-9.63074082129621,1.3723018485207985
2022-03-23,42380.11,43021.74,41806.4,42904.1,43287.39,40230.1,1,9,-0.8854541703715583,6.646764487286882,48208.48,42653.71,-11.003001961480646,0.5870298269482289
2022-03-24,42904.1,44230.66,42653.71,44006.77,44230.66,40230.1,0,10,-0.5061873370191778,9.387672414435952,48208.48,43629.05,-8.715707278055659,0.8657534372167028
2022-03-25,44006.77,45112.71,43629.05,44331.36,45112.71,40555.57,0,11,-1.7319952625324406,9.31016380733892,48208.48,44108.04,-8.0424024984816,0.5063022523784773
2022-03-26,44331.36,44811.3,44108.04,44542.31,45112.71,40555.57,1,12,-1.2643886833666198,9.830314307011339,48208.48,44449.41,-7.604823881607563,0.20900164929071988
2022-03-27,44542.31,46896.6,44449.41,46842.14,46896.6,40555.57,0,13,-0.11612782163312294,15.501125985900332,48208.48,44256.66,-2.834231653850119,5.842013382844516
2022-03-28,46842.14,48208.48,46669.19,47128.71,48208.48,40923.9,0,14,-2.2397926671822135,15.161824752772823,48054.67,44256.66,-1.9268886874054054,6.489531745052599
2022-03-29,47128.71,48054.67,47018.87,47445.3,48208.48,41806.4,1,15,-1.5830824784353297,13.488126219908917,47690.62,44256.66,-0.514398848243113,7.20488170593985
2022-03-30,47445.3,47690.62,46606.97,47056.41,48208.48,42653.71,2,16,-2.3897662817827894,10.32196261474091,47599.87,44256.66,-1.1417258072343455,6.326166502397605
2022-03-31,47056.41,47599.87,45220.41,45522.65,48208.48,43629.05,3,17,-5.571281235168588,4.340227440203256,47432.6,44256.66,-4.0266609884341085,2.8605638111868315
2022-04-01,45522.65,46726.2,44256.66,46299.75,48208.48,44108.04,4,18,-3.9593241686939793,4.968958040302854,47432.6,43129.76,-2.3883362919173705,7.349890191830416
2022-04-02,46299.75,47208.84,45655.15,45822.28,48208.48,44256.66,5,19,-4.949751578975326,3.5375918562313453,47432.6,42766.45,-3.394964644569346,7.145390837911498
2022-04-03,45822.28,47432.6,45565.57,46414.26,48208.48,44256.66,6,20,-3.7217933442415134,4.875198444708658,47187.66,42123.42,-1.6389878201207717,10.18635239019055
2022-04-04,46414.26,46893.71,45136.03,46609.36,48054.67,44256.66,7,21,-3.007636926858509,5.316036049715448,47187.66,42123.42,-1.225532268393904,10.649515162823917
2022-04-05,46609.36,47187.66,45382.83,45501.58,47690.62,44256.66,8,22,-4.590085010427629,2.812955157483638,45518.32,41921.59,-0.036776401238002555,8.539728574226325
2022-04-06,45501.58,45518.32,43129.76,43177.78,47599.87,43129.76,9,0,-9.290130414221727,0.11133843545616019,43982.39,39229.4,-1.8293912631851081,10.064849322192023
2022-04-07,43177.78,43894.7,42766.45,43466.21,47432.6,42766.45,10,0,-8.362160202055126,1.636235881163861,43982.39,39229.4,-1.1736060727941349,10.800088708978464
2022-04-08,43466.21,43982.39,42123.42,42273.38,47432.6,42123.42,11,0,-10.876949608497112,0.356001483260379,43442.48,39229.4,-2.691144704445984,7.759435525396759
2022-04-09,42273.38,42813.04,42136.04,42768.61,47432.6,42123.42,12,1,-9.832878653078259,1.5316657574337562,43442.48,39229.4,-1.5511775570823825,9.021830565851118
2022-04-10,42768.61,43442.48,41921.59,42153.77,47187.66,41921.59,13,0,-10.667810185968124,0.5538434968711833,42422.86,39229.4,-0.6343042406853375,7.4545366485339954
2022-04-11,42153.77,42422.86,39229.4,39536.71,47187.66,39229.4,14,0,-16.213878797973884,0.7833665567151107,41538.17,39266.86,-4.818363447402713,0.6872207250592447
2022-04-12,39536.71,40673.93,39266.86,40086.66,45518.32,39229.4,15,1,-11.932909650444033,2.1852488184881795,41538.17,39563.9,-3.494400451440193,1.3213055335798596
2022-04-13,40086.66,41538.17,39591.74,41150.33,43982.39,39229.4,16,2,-6.439077094264313,4.896659138299337,41503.56,38569.14,-0.8510836178872269,6.692371154762595
2022-04-14,41150.33,41503.56,39587.14,39951.63,43982.39,39229.4,17,3,-9.16448605907956,1.8410426873722154,41755.93,38569.14,-4.32106290052695,3.5844460104632825
2022-04-15,39951.63,40800.76,39779.2,40563.69,43442.48,39229.4,18,4,-6.626670484742125,3.401250082846031,42208.1,38569.14,-3.8959583587036524,5.1713623897240195
2022-04-16,40563.69,40698.01,40019.08,40392.55,43442.48,39229.4,19,5,-7.020616686708493,2.9649956410243377,42996.5,38569.14,-6.056190620166751,4.727639765885377
2022-04-17,40392.55,40602.63,39563.9,39688.16,42422.86,39229.4,20,6,-6.446288628348011,1.169429050660989,42996.5,38569.14,-7.6944402451362235,2.9013351088460984
2022-04-18,39688.16,41096.46,38569.14,40811.03,41538.17,38569.14,21,0,-1.7505345083810853,5.8126522914433645,42996.5,39190.22,-5.082902096682291,4.1357512154818155
2022-04-19,40811.03,41755.93,40588.12,41504.44,41755.93,38569.14,0,1,-0.6022857112750164,7.610488592693544,42996.5,39044.29,-3.470189434023694,6.300921338305809
2022-04-20,41504.44,42208.1,40919.04,41375.35,42208.1,38569.14,0,2,-1.972962535627048,7.275790956189325,42996.5,38234.7,-3.770423173979281,8.214135327333553
2022-04-21,41375.35,42996.5,39864.73,40490.97,42996.5,38569.14,0,3,-5.82728826764969,4.982817869415812,40797.85,37726.59,-0.7521965005508805,7.32740488870053
2022-04-22,40490.97,40794.73,39190.22,39716.04,42996.5,38569.14,1,4,-7.629597757957041,2.9736208792832857,40797.85,37726.59,-2.6516348287961193,5.2733363921838805
2022-04-23,39716.04,39988.54,39305.67,39445.97,42996.5,38569.14,2,5,-8.257718651518143,2.273397851235474,40797.85,37726.59,-3.3136059865899736,4.557475244913481
2022-04-24,39445.97,39943.44,39044.29,39466.26,42996.5,38569.14,3,6,-8.210528763969155,2.3260046762774658,40797.85,37726.59,-3.2638729736983603,4.611256941059358
2022-04-25,39466.26,40590.8,38234.7,40437.52,42996.5,38234.7,4,0,-5.951600711685842,5.7613110603718605,40797.85,37607.77,-0.8832083063200679,7.5243759467790845
2022-04-26,40437.52,40797.85,37726.59,38117.39,42996.5,37726.59,5,0,-11.347691091135326,1.0358741672650587,40386.5,37461.76,-5.618486375397721,1.7501313339255746
2022-04-27,38117.39,39465.62,37900.6,39252.04,42996.5,37726.59,6,1,-8.708755363808681,4.043434617334894,40386.5,37461.76,-2.8090079605808853,4.778953257935555
2022-04-28,39252.04,40386.5,38892.1,39749.75,40797.85,37726.59,7,2,-2.569007925662746,5.3626898163868075,39922.6,37461.76,-0.43296278298507246,6.1075347234086115
2022-04-29,39749.75,39922.6,38179.15,38594.22,40797.85,37726.59,8,3,-5.401338550928536,2.2997837864487747,40004.37,37461.76,-3.5249898948539906,3.0229759626883497
2022-04-30,38594.22,38788.01,37607.77,37650.13,40797.85,37607.77,9,0,-7.715406571669833,0.11263629829686946,40004.37,35616.74,-5.884957068440285,5.709085109979182
2022-05-01,37650.13,38668.0,37461.76,38480.53,40797.85,37461.76,10,0,-5.680005196352258,2.719493157822795,40004.37,35318.86,-3.8091838466647614,8.951789497169496
2022-05-02,38480.53,39155.96,38057.31,38513.01,40797.85,37461.76,11,1,-5.6003931579727775,2.806194903816585,40004.37,34837.06,-3.7279927167956908,10.551837612014344
2022-05-03,38513.01,38644.5,37519.23,37725.38,40386.5,37461.76,12,2,-6.589132507149673,0.7037042573546873,40004.37,33732.4,-5.696852618851403,11.837224745348674
2022-05-04,37725.38,40004.37,37665.8,39680.21,40386.5,37461.76,13,3,-1.7488269595037969,5.921905431031529,39831.19,30068.1,-0.3790496844307268,31.967799761208727
2022-05-05,39680.21,39831.19,35616.74,36546.86,40004.37,35616.74,14,0,-8.642830770738302,2.611468652100115,36654.02,29836.19,-0.29235538148338497,22.491712246101134
2022-05-06,36546.86,36654.02,35318.86,36009.89,40004.37,35318.86,15,0,-9.9851091268279,1.9565467288581762,36129.02,28087.41,-0.3297349333029166,28.20651672760144
2022-05-07,36009.89,36129.02,34837.06,35469.21,40004.37,34837.06,16,0,-11.33666146973444,1.8145905538527116,35503.12,25835.61,-0.09551273240211984,37.28806867730236
2022-05-08,35469.21,35503.12,33732.4,34033.77,40004.37,33732.4,17,0,-14.924869458011724,0.8934140470289554,34229.57,25835.61,-0.5720200399829822,31.732016391329626
2022-05-09,34033.77,34229.57,30068.1,30076.9,40004.37,30068.1,18,0,-24.815963855948738,0.02926689747607235,32625.41,25835.61,-7.811426737625668,16.416450008341204
2022-05-10,30076.9,32625.41,29836.19,31013.12,40004.37,29836.19,19,0,-22.475669533103513,3.944639044060252,32136.04,25835.61,-3.4942699847274334,20.040208069404976
2022-05-11,31013.12,32136.04,28087.41,29017.21,39831.19,28087.41,20,0,-27.14952779467549,3.3103799887565253,31406.35,25835.61,-7.607187718407263,12.314785677597698
2022-05-12,29017.21,30085.67,25835.61,28915.72,36654.02,25835.61,21,0,-21.111736175186234,11.921955781187284,31406.35,28588.99,-7.930338928274051,1.1428525456827945
2022-05-13,28915.72,30964.26,28700.17,29244.83,36129.02,25835.61,22,1,-19.05446092919209,13.195817710516614,31406.35,28588.99,-6.882429827089098,2.2940299744761883
2022-05-14,29244.83,30274.18,28588.99,30050.31,35503.12,25835.61,23,2,-15.358678335875837,16.31353004631979,31406.35,28610.2,-4.31772555550071,5.033554466588841
2022-05-15,30050.31,31406.35,29462.91,31296.11,34229.57,25835.61,24,3,-8.569958664394555,21.13555669868062,31296.19,28610.2,-0.00025562216997694685,9.38794555787796
2022-05-16,31296.11,31296.19,29104.45,29838.5,32625.41,25835.61,25,4,-8.542145523994947,15.493692620379388,30744.47,28610.2,-2.946773842580474,4.293224094903214
2022-05-17,29838.5,30744.47,29434.76,30415.91,32136.04,25835.61,26,5,-5.352650793314924,17.728631141281355,30725.44,28610.2,-1.0074062405615636,6.311420402513786
2022-05-18,30415.91,30673.66,28610.2,28667.29,31406.35,25835.61,27,6,-8.721357305130962,10.960376008153089,30725.44,28653.17,-6.698520834852155,0.049279015201468525
2022-05-19,28667.29,30505.0,28653.17,30282.48,31406.35,28588.99,28,7,-3.578480148122908,5.923574075194674,30725.44,28629.55,-1.441671787287665,5.77351023680079
2022-05-20,30282.48,30725.44,28698.31,29166.15,31406.35,28588.99,29,8,-7.132952412489822,2.0188191328200116,30634.84,28629.55,-4.79418204893513,1.8742872311999392
2022-05-21,29166.15,29613.15,28924.28,29410.72,31406.35,28610.2,30,9,-6.354224543762639,2.798023082676809,30634.84,28060.72,-3.995842641907054,4.810995583862423
2022-05-22,29410.72,30454.36,29219.51,30264.29,31296.19,28610.2,31,10,-3.2972064650681054,5.781469545826314,30634.84,28060.72,-1.2095705412530284,7.852863362023496
2022-05-23,30264.29,30634.84,28861.27,29075.68,30744.47,28610.2,32,11,-5.427935495391532,1.6269721987263268,30189.17,28060.72,-3.688375665843076,3.6170133909607416
2022-05-24,29075.68,29800.48,28629.55,29630.05,30725.44,28610.2,33,12,-3.5650913379922287,3.564637786523682,30189.17,28060.72,-1.85205489253265,5.592621999720599
2022-05-25,29630.05,30189.17,29321.43,29508.27,30725.44,28629.55,34,13,-3.961440422008597,3.069276324636612,32161.5,28060.72,-8.249708502401939,5.158634561051888
2022-05-26,29508.27,29848.6,28060.72,29188.71,30725.44,28060.72,35,0,-5.00149062145245,4.01981845084516,32367.02,28251.91,-9.81959414243264,3.3158820058537612
2022-05-27,29188.71,29359.16,28251.91,28597.33,30634.84,28060.72,36,1,-6.650956884383918,1.912317289078828,32367.02,28504.59,-11.646700870206768,0.32535111011946355
2022-05-28,28597.33,29234.85,28504.59,29013.53,30634.84,28060.72,37,2,-5.292372997541365,3.395529409081441,32367.02,28820.15,-10.36082407339323,0.6709888741036996
2022-05-29,29013.53,29548.72,28820.15,29452.23,30634.84,28060.72,38,3,-3.860343321525429,4.958924788815106,32367.02,29249.37,-9.005432072523206,0.6935533996116859
2022-05-30,29452.23,32161.5,29287.63,31716.41,32161.5,28060.72,0,4,-1.3839217698179505,13.027784034051864,32367.02,29249.37,-2.010101640497026,8.434506452617615
2022-05-31,31716.41,32367.02,31203.31,31782.16,32367.02,28060.72,0,5,-1.8069627664208832,13.262097337488127,31956.43,29249.37,-0.5453362594006916,8.659297619059833
2022-06-01,31782.16,31956.43,29324.1,29789.58,32367.02,28060.72,1,6,-7.963167446369789,6.161139129715846,31740.27,29249.37,-6.14578892996184,1.8469115745057167
2022-06-02,29789.58,30647.18,29574.16,30439.63,32367.02,28251.91,2,7,-5.954795962062616,7.7436180421076,31740.27,29210.15,-4.097759722900906,4.20908485577787
2022-06-03,30439.63,30676.7,29249.37,29680.3,32367.02,28504.59,3,8,-8.300795068560532,4.124633962460078,31740.27,29210.15,-6.490083417689897,1.6095432580798037
2022-06-04,29680.3,29953.65,29466.57,29845.48,32367.02,28820.15,4,9,-7.790460783847264,3.557684467291107,31740.27,29210.15,-5.969671965613402,2.1750316242812793
2022-06-05,29845.48,30151.31,29516.97,29897.9,32367.02,29249.37,5,10,-7.628505806218796,2.2172443372284687,31740.27,28839.92,-5.8045189911743,3.668456777966108
2022-06-06,29897.9,31740.27,29876.22,31353.78,32367.02,29249.37,6,11,-3.1304704603636715,7.19471906574398,31551.28,28105.18,-0.6259650955523833,11.558723338544704
2022-06-07,31353.78,31551.28,29210.15,31111.75,31956.43,29210.15,7,0,-2.6432239145611707,6.510065850397888,31305.48,26570.67,-0.6188373409383903,17.090573929825638
2022-06-08,31111.75,31305.48,29839.64,30189.27,31740.27,29210.15,8,1,-4.8865368820114,3.3519855255792894,30677.87,21976.15,-1.5926790223701925,37.37287923498883
2022-06-09,30189.27,30677.87,29924.47,30082.94,31740.27,29210.15,9,2,-5.221537182891015,2.9879682233744,30336.9,20837.64,-0.8371323371867354,44.368268191599434
2022-06-10,30082.94,30336.9,28839.92,29067.38,31740.27,28839.92,10,0,-8.421131893332978,0.7886984429915298,29414.37,20083.9,-1.1796615055838284,44.72975866241118
2022-06-11,29067.38,29414.37,28105.18,28389.49,31740.27,28105.18,11,0,-10.556873019668702,1.0115928807429853,28519.32,20083.9,-0.4552352580636499,41.35446800671184
2022-06-12,28389.49,28519.32,26570.67,26587.35,31740.27,26570.67,12,0,-16.23464450680477,0.06277598570152838,26871.6,20083.9,-1.0578082436475684,32.381409985112434
2022-06-13,26587.35,26871.6,21976.15,22471.59,31551.28,21976.15,13,0,-28.777564650308957,2.2544440222695905,23214.28,17600.75,-3.199280787515265,27.674047980909904
2022-06-14,22471.59,23214.28,20837.64,22118.37,31305.48,20837.64,14,0,-29.34665112945082,6.146233450621086,22961.17,17600.75,-3.6705446630115075,25.66720168174651
2022-06-15,22118.37,22743.84,20083.9,22566.73,30677.87,20083.9,15,0,-26.439710449258698,12.362290192641858,22961.17,17600.75,-1.717856712005524,28.214593128133743
2022-06-16,22566.73,22961.17,20209.17,20372.85,30336.9,20083.9,16,1,-32.84465452963224,1.4387145922853484,21694.7,17600.75,-6.092962797365265,15.749897021433737
2022-06-17,20372.85,21330.5,20221.24,20432.26,29414.37,20083.9,17,2,-30.536469079568935,1.7345236731909484,21694.7,17600.75,-5.819117111552602,16.087439455705002
2022-06-18,20432.26,20722.69,17600.75,18954.25,28519.32,17600.75,18,0,-33.538913270021865,7.690013209664361,21694.7,17936.0,-12.631887050754335,5.677129794826048
2022-06-19,18954.25,20776.87,17936.0,20553.48,26871.6,17600.75,19,1,-23.5122582950029,16.776160106813627,21694.7,19616.32,-5.260363130165437,4.777450612551181
2022-06-20,20553.48,21016.02,19616.32,20550.91,23214.28,17600.75,20,2,-11.472981285656928,16.761558456315782,21694.7,19756.23,-5.272209341452064,4.022427355826492
2022-06-21,20550.91,21694.7,20339.03,20699.21,22961.17,17600.75,21,3,-9.851240158929182,17.604136187378376,21855.84,19756.23,-5.2920866917034575,4.773076644683726
2022-06-22,20699.21,20862.67,19756.23,19956.16,22961.17,17600.75,22,4,-13.087355740147382,13.382441089158132,21855.84,19870.07,-8.691864508524953,0.4332647041505146
2022-06-23,19956.16,21195.95,19870.07,21098.41,21694.7,17600.75,23,5,-2.7485514895343144,19.872221354203656,21855.84,20179.52,-3.4655725883791253,4.5535770920220076
2022-06-24,21098.41,21528.86,20717.47,21219.46,21694.7,17600.75,24,6,-2.190581109671955,20.559976137380502,21855.84,19844.86,-2.9117160447733927,6.926730649649322
2022-06-25,21219.46,21587.06,20902.05,21474.19,21694.7,17936.0,25,7,-1.0164233660755946,19.726750669045487,21855.84,18622.86,-1.7462151992327974,15.310913576110211
2022-06-26,21474.19,21855.84,20968.82,21031.85,21855.84,19616.32,0,8,-3.7701136172300016,7.216083342849214,21505.42,18622.86,-2.2020960297450585,12.935660795388024
2022-06-27,21031.85,21505.42,20553.32,20718.16,21855.84,19756.23,1,9,-5.205382177029116,4.868995754756855,21184.16,18622.86,-2.1997567994199443,11.251225644181394
2022-06-28,20718.16,21184.16,20179.52,20251.96,21855.84,19756.23,2,10,-7.338450501101769,2.509233796124056,20817.65,18622.86,-2.7173576268214825,8.747850759765141
2022-06-29,20251.96,20402.7,19844.86,20094.16,21855.84,19844.86,3,0,-8.060454322506022,1.2562446900607978,20817.65,18622.86,-3.4753682572240456,7.900505078167367
2022-06-30,20094.16,20138.96,18622.86,19908.49,21855.84,18622.86,4,0,-8.909975548869312,6.903504617443298,20817.65,18768.2,-4.367255670068426,6.075649236474467
2022-07-01,19908.49,20817.65,18952.12,19249.33,21855.84,18622.86,5,1,-11.925920028697128,3.363983834921173,20725.51,18768.2,-7.122526779799372,2.5635383254654203
2022-07-02,19249.33,19419.25,18965.44,19225.66,21855.84,18622.86,6,2,-12.034220601907775,3.2368819826814965,21840.22,18768.2,-11.971307981329863,2.437420743598209
2022-07-03,19225.66,19617.18,18768.2,19294.21,21505.42,18622.86,7,3,-10.282105627325572,3.6049779679383214,22377.17,19036.44,-13.777256015841141,1.3540872137857733
2022-07-04,19294.21,20313.34,19036.44,20212.81,21184.16,18622.86,8,4,-4.585265594670728,8.537625262714753,22377.17,19284.32,-9.672179279149228,4.814740680511429
2022-07-05,20212.81,20725.51,19284.32,20158.69,20817.65,18622.86,9,5,-3.165390906274256,8.247014690546985,22377.17,19749.93,-9.914032918371714,2.0696782216443217
2022-07-06,20158.69,20637.99,19749.93,20545.04,20817.65,18622.86,10,6,-1.309513801990141,10.321615476892381,22377.17,19872.03,-8.18749645285797,3.3867199274558364
2022-07-07,20545.04,21840.22,20242.62,21611.8,21840.22,18768.2,0,7,-1.0458685855728644,15.151159940750835,22377.17,19230.29,-3.4203163313323315,12.384160613282475
2022-07-08,21611.8,22377.17,21183.19,21592.65,22377.17,18768.2,0,8,-3.5058946238509914,15.049125648703662,21942.8,18919.1,-1.5957398326558043,14.131486170060962
2022-07-09,21592.65,21942.8,21328.96,21582.17,22377.17,18768.2,1,9,-3.552728070618403,14.993286516554583,21591.09,18919.1,-0.04131333804824996,14.07609241454403
2022-07-10,21582.17,21591.09,20671.26,20846.53,22377.17,19036.44,2,10,-6.840185778630629,9.508553069796664,21185.15,18919.1,-1.5983837735394963,10.187746774423733
2022-07-11,20846.53,20852.04,19872.03,19944.25,22377.17,19284.32,3,11,-10.872331040967193,3.422106664896664,21574.75,18919.1,-7.557445625094148,5.41859813627499
2022-07-12,19944.25,20036.49,19230.29,19309.71,22377.17,19230.29,4,0,-13.707988990564935,0.412994291817743,21658.47,18919.1,-10.844533339612642,2.064633095654659
2022-07-13,19309.71,20274.83,18919.1,20230.81,22377.17,18919.1,5,0,-9.591740153022018,6.9332579245313095,22749.06,19620.06,-11.069688154147906,3.112885485569361
2022-07-14,20230.81,20869.51,19620.06,20577.38,22377.17,18919.1,6,1,-8.042974156249416,8.765110391086269,23790.89,20373.45,-13.50731309337313,1.0009595822013466
2022-07-15,20577.38,21185.15,20373.45,20827.27,21942.8,18919.1,7,2,-5.083808812002109,10.085944891670334,24276.14,20481.02,-14.206830245665081,1.6905896288368452
2022-07-16,20827.27,21574.75,20481.02,21199.01,21591.09,18919.1,8,3,-1.8159342580666458,12.050837513412372,24276.14,20752.85,-12.675532436375804,2.1498733908836614
2022-07-17,21199.01,21658.47,20752.85,20792.81,21658.47,18919.1,0,4,-3.996865891265633,9.903800920762631,24276.14,20760.73,-14.348780325043432,0.15452250474815551
2022-07-18,20792.81,22749.06,20760.73,22447.39,22749.06,18919.1,0,5,-1.3260767697654403,18.64935435617974,24276.14,21588.2,-7.533116879372091,3.9799056892191045
2022-07-19,22447.39,23790.89,21588.2,23399.91,23790.89,18919.1,0,6,-1.6434021593979862,23.684054738333227,24276.14,21953.76,-3.6094288465958737,6.587254301768816
2022-07-20,23399.91,24276.14,22923.14,23222.77,24276.14,19620.06,0,7,-4.339116515228529,18.36238013543281,23749.68,21268.28,-2.2185983137457,9.189694700276664
2022-07-21,23222.77,23419.67,22348.64,23153.54,24276.14,20373.45,1,8,-4.624293648001695,13.64565157103976,23749.68,20733.24,-2.5100969781487557,11.673525218441494
2022-07-22,23153.54,23749.68,22513.01,22686.32,24276.14,20481.02,2,9,-6.54889945436136,10.767530132776587,23101.9,20733.24,-1.7988996576039276,9.420042405335577
2022-07-23,22686.32,22997.6,21953.76,22452.14,24276.14,20752.85,3,10,-7.513550342023073,8.18822474985364,24196.42,20733.24,-7.208835026007976,8.290551790265283
2022-07-24,22452.14,23012.74,22270.07,22585.4,24276.14,20760.73,4,11,-6.964616285785128,8.789045471907789,24416.37,20733.24,-7.498944355774416,8.933287802581747
2022-07-25,22585.4,22660.92,21268.28,21305.59,24276.14,21268.28,5,0,-12.236500530974032,0.17542556332717696,24619.11,20733.24,-13.459138043576719,2.76054297350534
2022-07-26,21305.59,21341.58,20733.24,21258.08,24276.14,20733.24,6,0,-12.432207097174418,2.5313940319988584,24619.11,21049.67,-13.652118212234313,0.9900867804578576
2022-07-27,21258.08,23101.9,21049.67,22960.19,23749.68,20733.24,7,1,-3.324213210451684,10.74096475032362,24619.11,22599.92,-6.73834269394792,1.5941206871528768
2022-07-28,22960.19,24196.42,22599.92,23855.65,24196.42,20733.24,0,2,-1.4083488383818632,15.059923099332279,24619.11,22668.87,-3.1010869198764666,5.23528521712817
2022-07-29,23855.65,24416.37,23444.29,23769.15,24416.37,20733.24,0,3,-2.650762582644339,14.642718648894238,24619.11,22668.87,-3.4524399947845357,4.853704661943901
2022-07-30,23769.15,24619.11,23521.46,23646.03,24619.11,20733.24,0,4,-3.95253930787913,14.04888960914935,24187.18,22418.27,-2.237342261479021,5.476604572966595
2022-07-31,23646.03,24187.18,23243.11,23308.14,24619.11,20733.24,1,5,-5.325009718060487,12.419187739108782,23615.71,22418.27,-1.302395735719992,3.969396389641123
2022-08-01,23308.14,23504.29,22866.94,23271.57,24619.11,20733.24,2,6,-5.4735528619840474,12.242804308443823,23615.71,22418.27,-1.457250279580836,3.8062705106147767
2022-08-02,23271.57,23451.58,22668.87,22991.49,24619.11,21049.67,3,7,-6.611205685339555,9.224942718816987,23615.71,22418.27,-2.643240453071271,2.5569323591874
2022-08-03,22991.49,23615.71,22695.67,22825.25,24619.11,22599.92,4,8,-7.2864534908045036,0.9970389275714328,24244.59,22418.27,-5.8542544955390055,1.8153943190085569
2022-08-04,22825.25,23228.89,22418.27,22622.99,24619.11,22418.27,5,0,-8.10801040330052,0.9131837559276481,24244.59,22590.7,-6.688502465910946,0.1429349245486013
2022-08-05,22622.99,23473.92,22590.7,23319.22,24619.11,22418.27,6,1,-5.280004029390175,4.018820363926389,24244.59,22674.6,-3.8168102657128826,2.842916743845548
2022-08-06,23319.22,23350.56,22922.93,22956.4,24187.18,22418.27,7,2,-5.088563445593901,2.400408238459083,24895.61,22674.6,-7.7893652736365935,1.2428003140077573
2022-08-07,22956.4,23400.38,22854.01,23179.86,23615.71,22418.27,8,3,-1.8455934629956015,3.39718452851179,24895.61,22674.6,-6.8917773053160785,2.228308327379544
2022-08-08,23179.86,24244.59,23162.43,23817.72,24244.59,22418.27,0,4,-1.760681455120499,6.242453142013192,24895.61,22674.6,-4.329638839940051,5.041411976396509
2022-08-09,23817.72,23923.56,22881.18,23156.66,24244.59,22418.27,1,5,-4.487310364910276,3.2936975065426517,25012.36,22674.6,-7.4191319811485235,2.1259911971986334
2022-08-10,23156.66,24216.73,22674.6,23959.67,24244.59,22418.27,2,6,-1.1751900114623588,6.8756420544493295,25203.38,23609.84,-4.934695267063397,1.4817127096159826
2022-08-11,23959.67,24895.61,23867.0,23943.36,24895.61,22590.7,0,7,-3.824971551209229,5.9876851978911665,25203.38,23609.84,-4.999408809453336,1.4126313435415083
2022-08-12,23943.36,24458.75,23609.84,24412.17,24895.61,22674.6,1,8,-1.941868465966499,7.663067926225821,25203.38,23185.14,-3.139301157225748,5.292312231023832
2022-08-13,24412.17,24892.27,24306.08,24449.86,24895.61,22674.6,2,9,-1.7904763128921122,7.8292891605585195,25203.38,23115.03,-2.989757722972079,5.774727525770037
2022-08-14,24449.86,25012.36,24160.64,24313.71,25012.36,22674.6,0,10,-2.7932190325103323,7.228837553914956,25203.38,20801.31,-3.529963044639258,16.885475001334036
2022-08-15,24313.71,25203.38,23783.19,24101.69,25203.38,22674.6,0,11,-4.371199418490704,6.293782470253059,24442.02,20772.5,-1.3923971913941717,16.026910578890355
2022-08-16,24101.69,24247.12,23673.2,23858.64,25203.38,22674.6,1,12,-5.335554199476426,5.221878224974205,24442.02,20772.5,-2.3867912717525024,14.856854013720062
2022-08-17,23858.64,24442.02,23185.14,23338.03,25203.38,23185.14,2,0,-7.401189840410302,0.6594309976131238,23595.74,20772.5,-1.0921886747353664,12.350607774702125
2022-08-18,23338.03,23595.74,23115.03,23201.51,25203.38,23115.03,3,0,-7.942863219139665,0.3741288676674855,23202.7,20772.5,-0.005128713468701178,11.693392706703566
2022-08-19,23201.51,23202.7,20801.31,20833.43,25203.38,20801.31,4,0,-17.338745834884055,0.1544133518513929,21879.03,20772.5,-4.779005284969209,0.2933204958478772
2022-08-20,20833.43,21361.45,20772.5,21142.06,25203.38,20772.5,5,0,-16.11418785893003,1.7790829221326336,21879.03,20896.83,-3.3683851614993787,1.1735272766252085
2022-08-21,21142.06,21744.02,21074.63,21514.79,25203.38,20772.5,6,1,-14.63529891625647,3.5734264051029045,21879.03,20121.8,-1.6647904408924803,6.922790207635508
2022-08-22,21514.79,21524.9,20908.27,21399.66,24442.02,20772.5,7,2,-12.447252722974616,3.0191840173306046,21879.03,19828.05,-2.1910020691045218,7.926195465514767
2022-08-23,21399.66,21675.25,20896.83,21520.62,24442.02,20772.5,8,3,-11.952367275699805,3.6014923576844335,21879.03,19527.69,-1.638143921371285,10.205661806388775
2022-08-24,21520.62,21879.03,21154.75,21369.05,23595.74,20772.5,9,4,-9.436830546530867,2.8718257311349102,21856.85,19527.69,-2.231794609012732,9.429481930530445
2022-08-25,21369.05,21811.37,21314.81,21565.47,23202.7,20772.5,10,5,-7.056204665836302,3.817402816223378,21856.85,19527.69,-1.3331289732966891,10.435335669503164
2022-08-26,21565.47,21856.85,20121.8,20247.99,21879.03,20121.8,11,0,-7.454809468244237,0.6271307735888555,20574.12,19527.69,-1.5851467766300447,3.688608330017544
2022-08-27,20247.99,20363.82,19828.05,20038.42,21879.03,19828.05,12,0,-8.412667289180556,1.0609717042270874,20574.12,19527.69,-2.6037565640717597,2.6154143167983492
2022-08-28,20038.42,20155.59,19527.69,19554.08,21879.03,19527.69,13,0,-10.626385173382902,0.13514143249920013,20574.12,19548.16,-4.95787912192598,0.030284180199066778
2022-08-29,19554.08,20415.53,19548.16,20292.37,21879.03,19527.69,14,1,-7.251966837652309,3.915875354432605,20574.12,19548.55,-1.3694388873011336,3.804988093746082
2022-08-30,20292.37,20574.12,19548.55,19813.51,21879.03,19527.69,15,2,-9.44063790762205,1.463665185180632,20483.64,19571.05,-3.271537675920886,1.2388706788853903
2022-08-31,19813.51,20483.64,19804.19,20050.28,21856.85,19527.69,16,3,-8.265463687585356,2.6761485869552426,20439.1,19571.05,-1.9023342515081376,2.4486678026983713
2022-09-01,20050.28,20204.51,19571.05,20129.93,21856.85,19527.69,17,4,-7.901047040172752,3.084030932486135,20439.1,18707.09,-1.512639989040605,7.605886324382895
2022-09-02,20129.93,20439.1,19760.56,19957.44,20574.12,19527.69,18,5,-2.997357845681858,2.2007211298417784,20177.38,18559.15,-1.0900325017420613,7.534235134690959
2022-09-03,19957.44,20052.13,19659.2,19834.79,20574.12,19527.69,19,6,-3.5934951288317465,1.572638647991658,20177.38,18559.15,-1.6978914011630855,6.873375127632459
2022-09-04,19834.79,20022.47,19591.33,20003.46,20574.12,19548.16,20,7,-2.7736787770266718,2.3291194669984248,21559.78,18559.15,-7.218626535150172,7.78219907700513
2022-09-05,20003.46,20051.73,19638.59,19793.29,20574.12,19548.55,21,8,-3.795204849587726,1.2519598640308442,21807.62,18559.15,-9.236817222603834,6.6497657489701805
2022-09-06,19793.29,20177.38,18707.09,18791.95,20483.64,18707.09,22,0,-8.258737216627507,0.4536248021472104,21850.77,18559.15,-13.998682883944133,1.2543677916283842
2022-09-07,18791.95,19458.77,18559.15,19287.52,20439.1,18559.15,23,0,-5.634201114530475,3.924587063523916,22482.54,19023.78,-14.211116715460086,1.3863701115130727
2022-09-08,19287.52,19452.91,19023.78,19321.77,20439.1,18559.15,24,1,-5.466630135377772,4.109132153142784,22767.89,19299.24,-15.135877764694044,0.11674034832459121
2022-09-09,19321.77,21559.78,19299.24,21369.73,21559.78,18559.15,0,2,-0.881502501416987,15.143904758569212,22767.89,19652.44,-6.14092917701201,8.738304251278727
2022-09-10,21369.73,21807.62,21138.54,21655.13,21807.62,18559.15,0,3,-0.6992509957528514,16.681690702429794,22767.89,19529.68,-4.8874094173856175,10.883178833447351
2022-09-11,21655.13,21850.77,21366.74,21836.45,21850.77,18559.15,0,4,-0.06553544794988785,17.658675100960977,22767.89,19346.99,-4.091024684325156,12.867427956493485
2022-09-12,21836.45,22482.54,21567.71,22400.52,22482.54,18559.15,0,5,-0.36481643088370097,20.697984552094244,22767.89,19346.99,-1.6135443381007155,15.78297192483171
2022-09-13,22400.52,22767.89,19914.37,20173.77,22767.89,18559.15,0,6,-11.393765518016817,8.699859637968327,20530.34,19345.98,-1.7367953964717568,4.278873440373664
2022-09-14,20173.77,20530.34,19652.44,20233.68,22767.89,19023.78,1,7,-11.13063178010786,6.359934776369373,20333.61,18292.38,-0.4914523294191257,10.61261574491673
2022-09-15,20233.68,20333.61,19529.68,19700.15,22767.89,19299.24,2,8,-13.473975849321118,2.0773356878301934,20189.93,18292.38,-2.4258627939769917,7.695936778046379
2022-09-16,19700.15,19889.64,19346.99,19804.02,22767.89,19346.99,3,0,-13.017763174365296,2.3622796104200128,20189.93,18189.92,-1.9113984050464754,8.87359592565554
2022-09-17,19804.02,20189.93,19756.39,20118.35,22767.89,19346.99,4,1,-11.637178500071816,3.9869767855361316,20120.58,18189.92,-0.01108317951074572,10.601640908811035
2022-09-18,20118.35,20120.58,19345.98,19417.72,22767.89,19345.98,5,0,-14.714450921890426,0.37082639390716626,19744.77,18189.92,-1.656387995403336,6.7498922480143015
2022-09-19,19417.72,19681.29,18292.38,19541.28,22767.89,18292.38,6,0,-14.171756803111753,6.827433062291499,19744.77,18189.92,-1.0306020277774905,7.429169562043157
2022-09-20,19541.28,19634.28,18735.87,18879.95,20530.34,18292.38,7,1,-8.03878552425337,3.212102525751158,19744.77,18189.92,-4.379995310150484,3.7934746277059084
2022-09-21,18879.95,19744.77,18189.92,18468.05,20333.61,18189.92,8,0,-9.17476040899772,1.5290336625999512,19509.87,18366.46,-5.33996382343911,0.5531278210390034
2022-09-22,18468.05,19509.87,18366.46,19405.96,20189.93,18189.92,9,1,-3.882975324827779,6.685241056585191,20377.45,18540.64,-4.767475812724367,4.667152805944131
2022-09-23,19405.96,19500.17,18540.64,19291.13,20189.93,18189.92,10,2,-4.451724201124022,6.053957356601914,20377.45,18494.71,-5.330990874716904,4.306204314639169
2022-09-24,19291.13,19308.47,18813.25,18924.39,20120.58,18189.92,11,3,-5.945106950197272,4.037785762664163,20377.45,18494.71,-7.130725385168415,2.323258921064457
2022-09-25,18924.39,19172.03,18652.6,18809.94,19744.77,18189.92,12,4,-4.734570217834909,3.4085911317916766,20377.45,18494.71,-7.692375640720512,1.7044333217444319
2022-09-26,18809.94,19316.15,18689.2,19230.96,19744.77,18189.92,13,5,-2.602258724715463,5.723169755556929,20377.45,18494.71,-5.626268252406467,3.980868042807917
2022-09-27,19230.96,20377.45,18832.07,19081.4,20377.45,18189.92,0,6,-6.360216808285625,4.900956133946732,20180.46,18494.71,-5.446159304594631,3.172204376278419
2022-09-28,19081.4,19774.99,18494.71,19412.67,20377.45,18366.46,1,7,-4.734547256894275,5.696307290572049,20180.46,18848.01,-3.8046209055690547,2.995860040396837
2022-09-29,19412.67,19641.07,18848.01,19593.46,20377.45,18494.71,2,8,-3.8473410559221177,5.940887962017247,20459.26,18929.91,-4.2318246114473315,3.505299285627873
2022-09-30,19593.46,20180.46,19201.02,19425.63,20377.45,18494.71,3,9,-4.67094754250409,5.033439291559597,20459.26,18929.91,-5.052137760603255,2.6187129257349935
2022-10-01,19425.63,19482.38,19188.77,19313.96,20377.45,18494.71,4,10,-5.218955266728671,4.429645017413088,20459.26,18929.91,-5.597954178205856,2.0287999256203504
2022-10-02,19313.96,19394.33,18929.91,19058.15,20377.45,18494.71,5,11,-6.4743135181291045,3.0464927538739586,20459.26,18988.8,-6.848292655746088,0.36521528479947224
2022-10-03,19058.15,19697.23,18988.8,19632.35,20377.45,18494.71,6,12,-3.6564928388979103,6.151164305901522,20459.26,19273.73,-4.0417395350564975,1.8606673435811283
2022-10-04,19632.35,20459.26,19499.64,20344.58,20459.26,18494.71,0,13,-0.5605285821676672,10.00215737364902,20449.46,19273.73,-0.512874178584654,5.556008100144613
2022-10-05,20344.58,20366.34,19757.31,20160.74,20459.26,18848.01,1,14,-1.459094805970484,6.964820158732955,20449.46,19052.64,-1.411871022511096,5.815991904533976
2022-10-06,20160.74,20449.46,19866.54,19965.12,20459.26,18929.91,2,15,-2.415238869832044,5.468647236040737,20058.36,18858.74,-0.4648435864148494,5.866669777514284
2022-10-07,19965.12,20058.36,19331.73,19532.81,20459.26,18929.91,3,16,-4.52826739579045,3.1849068484741947,19625.41,18858.74,-0.4718372762658133,3.57431090306139
2022-10-08,19532.81,19625.41,19273.73,19419.32,20459.26,18929.91,4,17,-5.082979540804501,2.5853794339222946,19558.67,18229.27,-0.7124717580489807,6.528237279934958
2022-10-09,19419.32,19558.67,19325.6,19442.41,20459.26,18988.8,5,18,-4.97012110897461,2.388829204583758,19946.24,18229.27,-2.525939725983452,6.654901704785761
2022-10-10,19442.41,19526.12,19052.64,19131.36,20459.26,19052.64,6,0,-6.490459576739324,0.41317108810118264,19946.24,18229.27,-4.085381505486753,4.948579948621092
2022-10-11,19131.36,19263.78,18858.74,19058.29,20449.46,18858.74,7,0,-6.802966924309974,1.0581300765586632,19946.24,18229.27,-4.451716213181034,4.54774107794772
2022-10-12,19058.29,19231.72,18977.33,19154.85,20449.46,18858.74,8,1,-6.330778416642789,1.5701473163106174,19946.24,18229.27,-3.967614948982881,5.077438646747775
2022-10-13,19154.85,19504.63,18229.27,19378.91,20058.36,18229.27,9,0,-3.387365666983745,6.306560822238079,19946.24,18989.54,-2.844295466213189,2.05044461319231
2022-10-14,19378.91,19946.24,19085.87,19182.01,19946.24,18229.27,0,1,-3.831448934736588,5.226429802180768,19698.1,18989.54,-2.619998883141015,1.0135579903462513
2022-10-15,19182.01,19226.15,18989.54,19069.72,19946.24,18229.27,1,2,-4.394412179939679,4.610442436806305,19698.1,18927.42,-3.1900538630629223,0.7518193182166556
2022-10-16,19069.72,19424.55,19065.87,19264.26,19946.24,18229.27,2,3,-3.4190905153051556,5.677627244535837,19698.1,18696.2,-2.202445921180216,3.038371433767277
2022-10-17,19264.26,19676.02,19159.47,19550.49,19946.24,18229.27,3,4,-1.9840832156837578,7.2477943439314965,19698.1,18696.2,-0.7493616135566219,4.569324247708095
2022-10-18,19550.49,19698.1,19095.12,19330.29,19946.24,18229.27,4,5,-3.0880506802284575,6.039846905553543,19687.8,18696.2,-1.8158961387254973,3.391544805896386
2022-10-19,19330.29,19359.2,19075.49,19123.89,19946.24,18229.27,5,6,-4.122832172880714,4.907601895193823,19687.8,18696.2,-2.8642611160210887,2.2875771547159243
2022-10-20,19123.89,19339.65,18927.42,19043.54,19946.24,18927.42,6,0,-4.525664987486366,0.6135014703536067,20414.92,18696.2,-6.7175379575330085,1.8578106781057118
2022-10-21,19043.54,19248.63,18696.2,19166.4,19698.1,18696.2,7,0,-2.6992451048578143,2.514949561943072,21013.26,19081.67,-8.78902178909887,0.44403870311143206
2022-10-22,19166.4,19254.68,19116.62,19207.57,19698.1,18696.2,8,1,-2.490240175448388,2.735154737326296,21013.26,19081.67,-8.593097882004026,0.6597955000794032
2022-10-23,19207.57,19687.8,19081.67,19572.6,19698.1,18696.2,9,2,-0.6371172854234673,4.687583573132496,21013.26,19164.18,-6.855956667361466,2.131163451814783
2022-10-24,19572.6,19593.09,19164.18,19331.06,19698.1,18696.2,10,3,-1.8633269198552005,3.395663289866393,21064.84,19243.03,-8.230682027492252,0.45746433903601713
2022-10-25,19331.06,20414.92,19243.03,20087.18,20414.92,18696.2,0,4,-1.6053944859935676,7.4399075748012935,21064.84,20031.32,-4.641193571847685,0.27886330007209004
2022-10-26,20087.18,21013.26,20059.27,20776.76,21013.26,18696.2,0,5,-1.1254798160780384,11.128250660562026,21064.84,20031.32,-1.3675869363356272,3.721372330929758
2022-10-27,20776.76,20876.24,20207.09,20295.28,21013.26,18696.2,1,6,-3.4167949190177995,8.552967982798632,21064.84,20031.32,-3.653291456284507,1.3177364247588232
2022-10-28,20295.28,20751.67,20031.32,20599.89,21013.26,19081.67,2,7,-1.9671864337089962,7.956431486342659,21064.84,20061.18,-2.207232525858258,2.685335558526463
2022-10-29,20599.89,21064.84,20564.11,20820.19,21064.84,19081.67,0,8,-1.1614139960237126,9.110942595695244,20936.41,20040.32,-0.5551094958495806,3.8915047264714286
2022-10-30,20820.19,20936.41,20523.41,20630.65,21064.84,19164.18,1,9,-2.0612072059412685,7.652140608155429,21295.37,20040.32,-3.121429681663186,2.945711445725426
2022-10-31,20630.65,20833.31,20242.91,20492.56,21064.84,19243.03,2,10,-2.71675455403411,6.493416057658292,21471.49,20040.32,-4.559208513242445,2.2566505924057183
2022-11-01,20492.56,20684.6,20336.33,20480.27,21064.84,20031.32,3,11,-2.7750982205419064,2.2412402178188993,21471.49,20040.32,-4.616447205107802,2.1953242263596624
2022-11-02,20480.27,20801.56,20061.18,20150.33,21064.84,20031.32,4,12,-4.341404919287298,0.5941196086927972,21471.49,20040.32,-6.15308951544583,0.5489433302462338
2022-11-03,20150.33,20385.92,20040.32,20207.99,21064.84,20031.32,5,13,-4.067678653149032,0.8819688368015782,21471.49,17452.87,-5.884547369558423,15.786056963697103
2022-11-04,20207.99,21295.37,20182.9,21150.6,21295.37,20040.32,0,14,-0.6798191343940042,5.5402308945166485,21471.49,15546.97,-1.494493395660958,36.043229002178556
2022-11-05,21150.6,21471.49,21085.76,21301.57,21471.49,20040.32,0,15,-0.7913749814288709,6.293562178647846,21363.27,15546.97,-0.2888134634819516,37.0142863850641
2022-11-06,21301.57,21363.27,20893.65,20910.59,21471.49,20040.32,1,16,-2.6123012422519416,4.342595327819119,21066.63,15546.97,-0.740697491720322,34.49945552091501
2022-11-07,20910.59,21066.63,20395.49,20593.73,21471.49,20040.32,2,17,-4.088025563200327,2.761482850573244,20672.25,15546.97,-0.3798328677333161,32.461373502360914
2022-11-08,20593.73,20672.25,17452.87,18544.7,21471.49,17452.87,3,0,-13.63105215334381,6.255876540649198,18581.64,15546.97,-0.19879838378097248,19.28176358480142
2022-11-09,18544.7,18581.64,15546.97,15820.02,21471.49,15546.97,4,0,-26.320809594490186,1.7562907756302426,18113.28,15674.81,-12.660655607377564,0.9263908143065271
2022-11-10,15820.02,18113.28,15674.81,17559.67,21471.49,15546.97,5,1,-18.218670432280216,12.945930943457142,17644.1,15797.71,-0.4785168979998997,11.153262086720158
2022-11-11,17559.67,17644.1,16383.43,17007.72,21471.49,15546.97,6,2,-20.789288493718878,9.395721481420507,17157.81,15797.71,-0.8747619888552218,7.659401267652097
2022-11-12,17007.72,17067.53,16603.78,16773.9,21363.27,15546.97,7,3,-21.48252584927307,7.891762832243209,17157.81,15797.71,-2.237523320283881,6.179313330856196
2022-11-13,16773.9,16921.72,16235.01,16307.47,21066.63,15546.97,8,4,-22.590988686847403,4.891628400903842,17157.81,15797.71,-4.955993801073691,3.226796795231716
2022-11-14,16307.47,17157.81,15797.71,16592.04,20672.25,15546.97,9,5,-19.737619272212743,6.722017216216418,17091.76,16373.11,-2.923748051692731,1.337131430742237
2022-11-15,16592.04,17091.76,16509.15,16879.14,18581.64,15546.97,10,6,-9.162269853468262,8.568679298924486,16988.63,16169.2,-0.6444898735212998,4.3906934171140115
2022-11-16,16879.14,16988.63,16373.11,16648.05,18113.28,15674.81,11,7,-8.089258267966926,6.208942883518205,16975.14,15480.69,-1.9268765971885955,7.54074915265404
2022-11-17,16648.05,16731.41,16405.81,16680.21,17644.1,15797.71,12,8,-5.462959289507538,5.5862526910545895,16975.14,15480.69,-1.7374230786903688,7.748491830790479
2022-11-18,16680.21,16975.14,16531.77,16677.95,17157.81,15797.71,13,9,-2.7967438734896852,5.571946820140398,16798.75,15480.69,-0.7191011235955013,7.733892998309508
2022-11-19,16677.95,16798.75,16539.01,16683.72,17157.81,15797.71,14,10,-2.763114873051981,5.608471101191262,16787.9,15480.69,-0.6205660028949438,7.7711652387587415
2022-11-20,16683.72,16730.0,16169.2,16253.6,17157.81,15797.71,15,11,-5.269961609319609,2.8857980049007184,16787.9,15480.69,-3.1826494082047248,4.992736111891652
2022-11-21,16253.6,16272.47,15480.69,15760.19,17091.76,15480.69,16,0,-7.790713185769037,1.805475078953199,16787.9,15600.3,-6.12173053210944,1.0249161875092225
2022-11-22,15760.19,16277.08,15600.3,16198.25,16988.63,15480.69,17,1,-4.652405756085105,4.635193909315408,16787.9,16144.79,-3.512351157679051,0.33112849408384454
2022-11-23,16198.25,16676.49,16144.79,16590.98,16975.14,15480.69,18,2,-2.2630741189763373,7.1720963342073185,16787.9,16000.76,-1.1729876875606948,3.6886997867601243
2022-11-24,16590.98,16787.9,16453.52,16588.46,16975.14,15480.69,19,3,-2.2779193573661267,7.155817990024984,16687.21,16000.76,-0.591770583578681,3.672950534849588
2022-11-25,16588.46,16605.86,16336.71,16508.33,16798.75,15480.69,20,4,-1.7288191085646147,6.6382054029891515,17216.6,16000.76,-4.113878466131506,3.17216182231345
2022-11-26,16508.33,16687.21,16382.61,16451.53,16787.9,15480.69,21,5,-2.0036454827584307,6.27129669284766,17255.22,16000.76,-4.657663014438543,2.817178684012501
2022-11-27,16451.53,16587.18,16401.91,16420.87,16787.9,15480.69,22,6,-2.186277020949627,6.073243505295943,17255.22,16000.76,-4.835348375737905,2.625562785767668
2022-11-28,16420.87,16477.82,16000.76,16207.01,16787.9,15600.3,23,7,-3.4601707181958505,3.88909187643828,17255.22,16096.7,-6.07474144056118,0.6852957438481146
2022-11-29,16207.01,16528.39,16096.7,16431.79,16787.9,16000.76,24,8,-2.1212301717308333,2.693809544046662,17255.22,16424.76,-4.772063178562778,0.04280123423418348
2022-11-30,16431.79,17216.6,16424.76,17162.35,17216.6,16000.76,0,9,-0.31510286583878355,7.259592669348196,17409.45,16827.01,-1.4193440918581701,1.9928674197020158
2022-12-01,17162.35,17255.22,16865.92,16978.64,17255.22,16000.76,0,10,-1.6028772742393418,6.111459705663976,17409.45,16827.01,-2.47457558969411,0.9011107736906381
2022-12-02,16978.64,17102.08,16827.01,17094.49,17255.22,16000.76,1,11,-0.93148624010589,6.835487814328828,17409.45,16713.28,-1.8091323964858117,2.280880832487715
2022-12-03,17094.49,17152.49,16868.66,16888.31,17255.22,16000.76,2,12,-2.1263710343884332,5.546924021109004,17409.45,16713.28,-2.9934317281706164,1.0472510482682182
2022-12-04,16888.31,17194.4,16884.91,17111.76,17255.22,16000.76,3,13,-0.8314005848665086,6.94342018754108,17409.45,16713.28,-1.7099333982406242,2.3842118363361324
2022-12-05,17111.76,17409.45,16879.12,16966.84,17409.45,16096.7,0,14,-2.542354870487009,5.4057042747892385,17319.38,16713.28,-2.035523211569934,1.5171169273775185
2022-12-06,16966.84,17101.02,16917.86,17086.52,17409.45,16424.76,1,15,-1.8549121310552616,4.029039084893795,17319.38,16713.28,-1.3445054037731174,2.2331942024545848
2022-12-07,17086.52,17126.91,16713.28,16837.85,17409.45,16713.28,2,0,-3.2832743136629943,0.7453354458251146,17319.38,16757.86,-2.7802958304512195,0.4773282507432212
2022-12-08,16837.85,17286.64,16757.86,17226.02,17409.45,16713.28,3,1,-1.0536231759188273,3.067859809684285,17945.07,16881.75,-4.006950098272112,2.0393027973995617
2022-12-09,17226.02,17319.38,17077.4,17126.85,17409.45,16713.28,4,2,-1.6232563349215638,2.4744993203009806,18344.32,16881.75,-6.636768220353773,1.45186369896485
2022-12-10,17126.85,17221.25,17102.71,17129.19,17409.45,16713.28,5,3,-1.6098153588999193,2.4885001627448347,18344.32,16881.75,-6.624012228308278,1.4657248211826301
2022-12-11,17129.19,17259.64,17080.42,17094.83,17409.45,16713.28,6,4,-1.8071794341578795,2.282915142928276,18344.32,16611.58,-6.811318162788253,2.9091152075841067
2022-12-12,17094.83,17239.13,16881.75,17208.66,17319.38,16713.28,7,5,-0.6392838542719264,2.9639903118956963,18344.32,16593.68,-6.190799113840142,3.706109796018722
2022-12-13,17208.66,17945.07,17096.23,17775.32,17945.07,16713.28,0,6,-0.945942256006803,6.354467824388756,18344.32,16593.68,-3.1017775529428184,7.121024390008722
2022-12-14,17775.32,18344.32,17684.33,17801.37,18344.32,16757.86,0,7,-2.9597717440602906,6.226988410214659,17853.72,16350.32,-0.29321620368193396,8.87474985199066
2022-12-15,17801.37,17853.72,17296.89,17359.21,18344.32,16881.75,1,8,-5.3701091127935,2.8282612880773566,17520.63,16350.32,-0.9213139025252053,6.170460272337174
2022-12-16,17359.21,17520.63,16611.58,16658.44,18344.32,16611.58,2,0,-9.190201653699898,0.28209237170694745,17028.68,16350.32,-2.1742143254791424,1.8844891109164774
2022-12-17,16658.44,16794.06,16593.68,16780.55,18344.32,16593.68,3,0,-8.52454601751387,1.126151643276229,17028.68,16350.32,-1.4571299713189807,2.631324646857062
2022-12-18,16780.55,16830.84,16673.02,16742.74,18344.32,16593.68,4,1,-8.730658863342976,0.8982938082450747,17028.68,16350.32,-1.6791671462497308,2.4000753502072247
2022-12-19,16742.74,16813.47,16350.32,16442.79,18344.32,16350.32,5,0,-10.365769894986562,0.5655546802753779,17028.68,16404.94,-3.440607257873184,0.23072318460172475
2022-12-20,16442.79,17028.68,16404.94,16901.12,18344.32,16350.32,6,1,-7.867285350451807,3.368741406896007,16922.92,16571.31,-0.12881937632512164,1.9902469991811007
2022-12-21,16901.12,16922.92,16737.8,16821.13,17853.72,16350.32,7,2,-5.783612602863717,2.879515507953369,16926.73,16571.31,-0.6238653301612216,1.5075452695049438
2022-12-22,16821.13,16860.78,16571.31,16816.01,17520.63,16350.32,8,3,-4.021659038516324,2.848201136124545,16960.3,16606.04,-0.8507514607642606,1.2644194521993053
2022-12-23,16816.01,16907.78,16763.01,16780.97,17028.68,16350.32,9,4,-1.4546635440914923,2.6338934039211557,16960.3,16471.35,-1.0573515798659112,1.8797487759048448
2022-12-24,16780.97,16857.81,16779.49,16837.16,17028.68,16350.32,10,5,-1.1246908157297009,2.9775564025658223,16960.3,16471.35,-0.7260484779160712,2.2208865697104447
2022-12-25,16837.16,16850.93,16736.37,16829.1,17028.68,16350.32,11,6,-1.172022728714156,2.9282607312884323,16960.3,16364.76,-0.7735712222071587,2.8374384958899386
2022-12-26,16829.1,16926.73,16796.91,16916.07,17028.68,16404.94,12,7,-0.6612961192529344,3.1157078294708853,16960.3,16364.76,-0.26078548138888796,3.368885336540221
2022-12-27,16916.07,16960.3,16606.04,16700.54,16960.3,16571.31,0,8,-1.5315766820162284,0.7798417867989891,16767.99,16364.76,-0.40225453378729786,2.0518479953265474
2022-12-28,16700.54,16767.99,16471.35,16540.47,16960.3,16471.35,1,0,-2.475368949841678,0.419637734611933,16650.11,16364.76,-0.6584941480867058,1.073709605273777
2022-12-29,16540.47,16650.11,16487.13,16631.24,16960.3,16471.35,2,1,-1.9401779449655825,0.970715818679119,16637.25,16364.76,-0.036123758433625745,1.6283770736631724
2022-12-30,16631.24,16637.25,16364.76,16599.47,16960.3,16364.76,3,0,-2.1274977447332777,1.4342404043811272,16625.46,16487.05,-0.15632650164264908,0.6818684967899163
2022-12-31,16599.47,16625.46,16487.05,16531.31,16960.3,16364.76,4,1,-2.5293774284652866,1.0177356710394843,16619.82,16502.85,-0.5325569109653318,0.17245506079254655
2023-01-01,16531.31,16619.82,16502.85,16613.87,16960.3,16364.76,5,2,-2.0425935861983593,1.5222343621293484,,,,
